{"cameraMode":{"drawMode":0,"name":"Shaded","section":"Shading Mode"},"sceneLighting":true,"audioPlay":false,"sceneViewState":{"showFog":true,"showMaterialUpdate":false,"showSkybox":true,"showFlares":true,"showImageEffects":true,"showParticleSystems":true},"in2DMode":false,"pivot":{"x":-73.06040954589844,"y":11.153955459594727,"z":-138.92127990722657},"rotation":{"x":-0.059237997978925708,"y":-0.9144512414932251,"z":0.37583693861961367,"w":-0.13804154098033906},"size":37.21210479736328,"orthographic":false}