{"cameraMode":{"drawMode":0,"name":"Shaded","section":"Shading Mode"},"sceneLighting":false,"audioPlay":false,"sceneViewState":{"showFog":true,"showMaterialUpdate":false,"showSkybox":false,"showFlares":true,"showImageEffects":true,"showParticleSystems":true},"in2DMode":false,"pivot":{"x":-27.058509826660158,"y":0.9415701627731323,"z":-119.0389404296875},"rotation":{"x":0.24022915959358216,"y":0.761013925075531,"z":-0.4024554193019867,"w":0.4486055374145508},"size":0.35679012537002566,"orthographic":false}