{"cameraMode":{"drawMode":0,"name":"Shaded","section":"Shading Mode"},"sceneLighting":true,"audioPlay":false,"sceneViewState":{"showFog":true,"showMaterialUpdate":false,"showSkybox":true,"showFlares":true,"showImageEffects":true,"showParticleSystems":true},"in2DMode":false,"pivot":{"x":134.38299560546876,"y":-47.44942092895508,"z":53.93439483642578},"rotation":{"x":0.31385764479637148,"y":0.3953701853752136,"z":-0.14584623277187348,"w":0.8508313894271851},"size":249.19290161132813,"orthographic":false}