{"cameraMode":{"drawMode":0,"name":"Shaded","section":"Shading Mode"},"sceneLighting":true,"audioPlay":false,"sceneViewState":{"showFog":true,"showMaterialUpdate":false,"showSkybox":true,"showFlares":true,"showImageEffects":true,"showParticleSystems":true},"in2DMode":false,"pivot":{"x":-0.3153071403503418,"y":-0.3584411144256592,"z":-95.541748046875},"rotation":{"x":-0.12934984266757966,"y":-0.872788667678833,"z":0.3234468102455139,"w":-0.3419558107852936},"size":194.93524169921876,"orthographic":false}