{"cameraMode":{"drawMode":0,"name":"Shaded","section":"Shading Mode"},"sceneLighting":false,"audioPlay":false,"sceneViewState":{"showFog":true,"showMaterialUpdate":false,"showSkybox":false,"showFlares":true,"showImageEffects":true,"showParticleSystems":true},"in2DMode":false,"pivot":{"x":-73.351318359375,"y":-6.649991512298584,"z":-45.72647476196289},"rotation":{"x":0.09327097982168198,"y":-0.8988696336746216,"z":0.24558614194393159,"w":0.350901335477829},"size":48.14933776855469,"orthographic":false}