{"cameraMode":{"drawMode":0,"name":"Shaded","section":"Shading Mode"},"sceneLighting":true,"audioPlay":false,"sceneViewState":{"showFog":true,"showMaterialUpdate":false,"showSkybox":true,"showFlares":true,"showImageEffects":true,"showParticleSystems":true},"in2DMode":false,"pivot":{"x":0.6890984177589417,"y":0.567206621170044,"z":0.2606015205383301},"rotation":{"x":-0.08869296312332154,"y":0.0005947224562987685,"z":-0.0000529885983269196,"w":-0.9960605502128601},"size":1.6451311111450196,"orthographic":false}