{"cameraMode":{"drawMode":0,"name":"Shaded","section":"Shading Mode"},"sceneLighting":false,"audioPlay":false,"sceneViewState":{"showFog":true,"showMaterialUpdate":false,"showSkybox":false,"showFlares":true,"showImageEffects":true,"showParticleSystems":true},"in2DMode":false,"pivot":{"x":-1.1598832607269288,"y":1.0761858224868775,"z":-94.98306274414063},"rotation":{"x":-0.0214878860861063,"y":-0.9744200110435486,"z":0.20471440255641938,"w":-0.09084177762269974},"size":3.961869955062866,"orthographic":false}