{"cameraMode":{"drawMode":0,"name":"Shaded","section":"Shading Mode"},"sceneLighting":true,"audioPlay":false,"sceneViewState":{"showFog":true,"showMaterialUpdate":false,"showSkybox":true,"showFlares":true,"showImageEffects":true,"showParticleSystems":true},"in2DMode":false,"pivot":{"x":0.881216287612915,"y":-0.19300079345703126,"z":0.03247809410095215},"rotation":{"x":-0.37841910123825076,"y":-0.054936911910772327,"z":0.02250569500029087,"w":-0.9237302541732788},"size":3.4451308250427248,"orthographic":false}